"threshold","AUC"
0.459936700515567,0.903963217976989
