"split","threshold","accuracy","precision","recall","specificity","f1","auc"
"train",0.459936700515567,0.891610532761788,0.888221153846154,0.897934386391252,0.885185185185185,0.893051359516616,0.903963217976989
"test",0.459936700515567,0.884340790099952,0.885633270321361,0.884796978281398,0.883877159309021,0.885214926783184,0.89581305653579
